<xml xmlns:o="urn:schemas-microsoft-com:office:office">
 <o:MainFile HRef="../3D%20Digital%20Reality%20Engine.htm"/>
 <o:File HRef="image001.jpg"/>
 <o:File HRef="image002.jpg"/>
 <o:File HRef="image003.png"/>
 <o:File HRef="image004.jpg"/>
 <o:File HRef="oledata.mso"/>
 <o:File HRef="image005.png"/>
 <o:File HRef="image006.jpg"/>
 <o:File HRef="image007.png"/>
 <o:File HRef="image008.jpg"/>
 <o:File HRef="image009.png"/>
 <o:File HRef="image010.jpg"/>
 <o:File HRef="image011.png"/>
 <o:File HRef="image012.jpg"/>
 <o:File HRef="image013.png"/>
 <o:File HRef="image014.jpg"/>
 <o:File HRef="image015.png"/>
 <o:File HRef="image016.jpg"/>
 <o:File HRef="image017.png"/>
 <o:File HRef="image018.jpg"/>
 <o:File HRef="image019.png"/>
 <o:File HRef="image020.jpg"/>
 <o:File HRef="image021.png"/>
 <o:File HRef="image022.jpg"/>
 <o:File HRef="image023.png"/>
 <o:File HRef="image024.jpg"/>
 <o:File HRef="image025.png"/>
 <o:File HRef="image026.jpg"/>
 <o:File HRef="image027.png"/>
 <o:File HRef="image028.jpg"/>
 <o:File HRef="image029.jpg"/>
 <o:File HRef="image030.png"/>
 <o:File HRef="image031.jpg"/>
 <o:File HRef="image032.png"/>
 <o:File HRef="image033.jpg"/>
 <o:File HRef="image034.png"/>
 <o:File HRef="image035.jpg"/>
 <o:File HRef="image036.png"/>
 <o:File HRef="image037.jpg"/>
 <o:File HRef="image038.png"/>
 <o:File HRef="image039.jpg"/>
 <o:File HRef="image040.png"/>
 <o:File HRef="image041.jpg"/>
 <o:File HRef="image042.png"/>
 <o:File HRef="image043.jpg"/>
 <o:File HRef="image044.png"/>
 <o:File HRef="image045.jpg"/>
 <o:File HRef="filelist.xml"/>
</xml>